<?xml version="1.0" encoding="ISO-8859-1" ?>
<?xml-stylesheet type="text/xsl" href="drcss.xsl"?>
<drcreport>
  <header>project</header>
  <drc>
    <status>/home/daniel/.local/share/microsemi/Libero_SoC_v2021.3/Libero/data/drcreport/error.png</status>
    <StatusMessage>Error</StatusMessage>
    <message>Undriven Pin</message>
    <detail>Unconnected input pin FSM_0:RX_END</detail>
    <crossprobe>liberoaction://cross_probe/smartdesign/project/pins/FSM_0:RX_END</crossprobe>
  </drc>
  <drc>
    <status>/home/daniel/.local/share/microsemi/Libero_SoC_v2021.3/Libero/data/drcreport/error.png</status>
    <StatusMessage>Error</StatusMessage>
    <message>Undriven Pin</message>
    <detail>Unconnected input pin FSM_0:RX_DATA</detail>
    <crossprobe>liberoaction://cross_probe/smartdesign/project/pins/FSM_0:RX_DATA</crossprobe>
  </drc>
  <drc>
    <status>/home/daniel/.local/share/microsemi/Libero_SoC_v2021.3/Libero/data/drcreport/warn.png</status>
    <StatusMessage>Warning</StatusMessage>
    <message>Floating Driver</message>
    <detail>Floating output pin main_MSS_0:GPIO_6_M2F</detail>
    <crossprobe>liberoaction://cross_probe/smartdesign/project/pins/main_MSS_0:GPIO_6_M2F</crossprobe>
  </drc>
  <drc>
    <status>/home/daniel/.local/share/microsemi/Libero_SoC_v2021.3/Libero/data/drcreport/warn.png</status>
    <StatusMessage>Warning</StatusMessage>
    <message>Floating Driver</message>
    <detail>Floating output pin main_MSS_0:GPIO_7_M2F</detail>
    <crossprobe>liberoaction://cross_probe/smartdesign/project/pins/main_MSS_0:GPIO_7_M2F</crossprobe>
  </drc>
  <drc>
    <status>/home/daniel/.local/share/microsemi/Libero_SoC_v2021.3/Libero/data/drcreport/error.png</status>
    <StatusMessage>Error</StatusMessage>
    <message>Undriven Pin</message>
    <detail>Unconnected input pin main_MSS_0:GPIO_8_F2M</detail>
    <crossprobe>liberoaction://cross_probe/smartdesign/project/pins/main_MSS_0:GPIO_8_F2M</crossprobe>
  </drc>
  <drc>
    <status>/home/daniel/.local/share/microsemi/Libero_SoC_v2021.3/Libero/data/drcreport/error.png</status>
    <StatusMessage>Error</StatusMessage>
    <message>Undriven Pin</message>
    <detail>Unconnected input pin main_MSS_0:GPIO_9_F2M</detail>
    <crossprobe>liberoaction://cross_probe/smartdesign/project/pins/main_MSS_0:GPIO_9_F2M</crossprobe>
  </drc>
  <drc>
    <status>/home/daniel/.local/share/microsemi/Libero_SoC_v2021.3/Libero/data/drcreport/error.png</status>
    <StatusMessage>Error</StatusMessage>
    <message>Undriven Pin</message>
    <detail>Unconnected input pin main_MSS_0:GPIO_6_F2M</detail>
    <crossprobe>liberoaction://cross_probe/smartdesign/project/pins/main_MSS_0:GPIO_6_F2M</crossprobe>
  </drc>
  <drc>
    <status>/home/daniel/.local/share/microsemi/Libero_SoC_v2021.3/Libero/data/drcreport/warn.png</status>
    <StatusMessage>Warning</StatusMessage>
    <message>Floating Driver</message>
    <detail>Floating output pin main_MSS_0:GPIO_6_M2F_OE</detail>
    <crossprobe>liberoaction://cross_probe/smartdesign/project/pins/main_MSS_0:GPIO_6_M2F_OE</crossprobe>
  </drc>
  <drc>
    <status>/home/daniel/.local/share/microsemi/Libero_SoC_v2021.3/Libero/data/drcreport/error.png</status>
    <StatusMessage>Error</StatusMessage>
    <message>Undriven Pin</message>
    <detail>Unconnected input pin main_MSS_0:GPIO_7_F2M</detail>
    <crossprobe>liberoaction://cross_probe/smartdesign/project/pins/main_MSS_0:GPIO_7_F2M</crossprobe>
  </drc>
  <drc>
    <status>/home/daniel/.local/share/microsemi/Libero_SoC_v2021.3/Libero/data/drcreport/warn.png</status>
    <StatusMessage>Warning</StatusMessage>
    <message>Floating Driver</message>
    <detail>Floating output pin main_MSS_0:GPIO_7_M2F_OE</detail>
    <crossprobe>liberoaction://cross_probe/smartdesign/project/pins/main_MSS_0:GPIO_7_M2F_OE</crossprobe>
  </drc>
  <drc>
    <status>/home/daniel/.local/share/microsemi/Libero_SoC_v2021.3/Libero/data/drcreport/warn.png</status>
    <StatusMessage>Warning</StatusMessage>
    <message>Floating Driver</message>
    <detail>Floating output pin main_MSS_0:GPIO_8_M2F</detail>
    <crossprobe>liberoaction://cross_probe/smartdesign/project/pins/main_MSS_0:GPIO_8_M2F</crossprobe>
  </drc>
  <drc>
    <status>/home/daniel/.local/share/microsemi/Libero_SoC_v2021.3/Libero/data/drcreport/warn.png</status>
    <StatusMessage>Warning</StatusMessage>
    <message>Floating Driver</message>
    <detail>Floating output pin main_MSS_0:GPIO_8_M2F_OE</detail>
    <crossprobe>liberoaction://cross_probe/smartdesign/project/pins/main_MSS_0:GPIO_8_M2F_OE</crossprobe>
  </drc>
  <drc>
    <status>/home/daniel/.local/share/microsemi/Libero_SoC_v2021.3/Libero/data/drcreport/warn.png</status>
    <StatusMessage>Warning</StatusMessage>
    <message>Floating Driver</message>
    <detail>Floating output pin main_MSS_0:GPIO_9_M2F</detail>
    <crossprobe>liberoaction://cross_probe/smartdesign/project/pins/main_MSS_0:GPIO_9_M2F</crossprobe>
  </drc>
  <drc>
    <status>/home/daniel/.local/share/microsemi/Libero_SoC_v2021.3/Libero/data/drcreport/warn.png</status>
    <StatusMessage>Warning</StatusMessage>
    <message>Floating Driver</message>
    <detail>Floating output pin main_MSS_0:GPIO_9_M2F_OE</detail>
    <crossprobe>liberoaction://cross_probe/smartdesign/project/pins/main_MSS_0:GPIO_9_M2F_OE</crossprobe>
  </drc>
  <drc>
    <status>/home/daniel/.local/share/microsemi/Libero_SoC_v2021.3/Libero/data/drcreport/error.png</status>
    <StatusMessage>Error</StatusMessage>
    <message>Undriven Pin</message>
    <detail>Unconnected input pin main_MSS_0:GPIO_10_F2M</detail>
    <crossprobe>liberoaction://cross_probe/smartdesign/project/pins/main_MSS_0:GPIO_10_F2M</crossprobe>
  </drc>
  <drc>
    <status>/home/daniel/.local/share/microsemi/Libero_SoC_v2021.3/Libero/data/drcreport/warn.png</status>
    <StatusMessage>Warning</StatusMessage>
    <message>Floating Driver</message>
    <detail>Floating output pin main_MSS_0:GPIO_10_M2F</detail>
    <crossprobe>liberoaction://cross_probe/smartdesign/project/pins/main_MSS_0:GPIO_10_M2F</crossprobe>
  </drc>
  <drc>
    <status>/home/daniel/.local/share/microsemi/Libero_SoC_v2021.3/Libero/data/drcreport/warn.png</status>
    <StatusMessage>Warning</StatusMessage>
    <message>Floating Driver</message>
    <detail>Floating output pin main_MSS_0:GPIO_10_M2F_OE</detail>
    <crossprobe>liberoaction://cross_probe/smartdesign/project/pins/main_MSS_0:GPIO_10_M2F_OE</crossprobe>
  </drc>
  <drc>
    <status>/home/daniel/.local/share/microsemi/Libero_SoC_v2021.3/Libero/data/drcreport/error.png</status>
    <StatusMessage>Error</StatusMessage>
    <message>Undriven Pin</message>
    <detail>Unconnected input pin main_MSS_0:GPIO_11_F2M</detail>
    <crossprobe>liberoaction://cross_probe/smartdesign/project/pins/main_MSS_0:GPIO_11_F2M</crossprobe>
  </drc>
  <drc>
    <status>/home/daniel/.local/share/microsemi/Libero_SoC_v2021.3/Libero/data/drcreport/warn.png</status>
    <StatusMessage>Warning</StatusMessage>
    <message>Floating Driver</message>
    <detail>Floating output pin main_MSS_0:GPIO_11_M2F</detail>
    <crossprobe>liberoaction://cross_probe/smartdesign/project/pins/main_MSS_0:GPIO_11_M2F</crossprobe>
  </drc>
  <drc>
    <status>/home/daniel/.local/share/microsemi/Libero_SoC_v2021.3/Libero/data/drcreport/warn.png</status>
    <StatusMessage>Warning</StatusMessage>
    <message>Floating Driver</message>
    <detail>Floating output pin main_MSS_0:GPIO_11_M2F_OE</detail>
    <crossprobe>liberoaction://cross_probe/smartdesign/project/pins/main_MSS_0:GPIO_11_M2F_OE</crossprobe>
  </drc>
  <drc>
    <status>/home/daniel/.local/share/microsemi/Libero_SoC_v2021.3/Libero/data/drcreport/error.png</status>
    <StatusMessage>Error</StatusMessage>
    <message>Undriven Pin</message>
    <detail>Unconnected input pin main_MSS_0:GPIO_12_F2M</detail>
    <crossprobe>liberoaction://cross_probe/smartdesign/project/pins/main_MSS_0:GPIO_12_F2M</crossprobe>
  </drc>
  <drc>
    <status>/home/daniel/.local/share/microsemi/Libero_SoC_v2021.3/Libero/data/drcreport/warn.png</status>
    <StatusMessage>Warning</StatusMessage>
    <message>Floating Driver</message>
    <detail>Floating output pin main_MSS_0:GPIO_12_M2F</detail>
    <crossprobe>liberoaction://cross_probe/smartdesign/project/pins/main_MSS_0:GPIO_12_M2F</crossprobe>
  </drc>
  <drc>
    <status>/home/daniel/.local/share/microsemi/Libero_SoC_v2021.3/Libero/data/drcreport/warn.png</status>
    <StatusMessage>Warning</StatusMessage>
    <message>Floating Driver</message>
    <detail>Floating output pin main_MSS_0:GPIO_12_M2F_OE</detail>
    <crossprobe>liberoaction://cross_probe/smartdesign/project/pins/main_MSS_0:GPIO_12_M2F_OE</crossprobe>
  </drc>
  <drc>
    <status>/home/daniel/.local/share/microsemi/Libero_SoC_v2021.3/Libero/data/drcreport/error.png</status>
    <StatusMessage>Error</StatusMessage>
    <message>Undriven Pin</message>
    <detail>Unconnected input pin main_MSS_0:GPIO_13_F2M</detail>
    <crossprobe>liberoaction://cross_probe/smartdesign/project/pins/main_MSS_0:GPIO_13_F2M</crossprobe>
  </drc>
  <drc>
    <status>/home/daniel/.local/share/microsemi/Libero_SoC_v2021.3/Libero/data/drcreport/warn.png</status>
    <StatusMessage>Warning</StatusMessage>
    <message>Floating Driver</message>
    <detail>Floating output pin main_MSS_0:GPIO_13_M2F</detail>
    <crossprobe>liberoaction://cross_probe/smartdesign/project/pins/main_MSS_0:GPIO_13_M2F</crossprobe>
  </drc>
  <drc>
    <status>/home/daniel/.local/share/microsemi/Libero_SoC_v2021.3/Libero/data/drcreport/warn.png</status>
    <StatusMessage>Warning</StatusMessage>
    <message>Floating Driver</message>
    <detail>Floating output pin main_MSS_0:GPIO_13_M2F_OE</detail>
    <crossprobe>liberoaction://cross_probe/smartdesign/project/pins/main_MSS_0:GPIO_13_M2F_OE</crossprobe>
  </drc>
  <drc>
    <status>/home/daniel/.local/share/microsemi/Libero_SoC_v2021.3/Libero/data/drcreport/error.png</status>
    <StatusMessage>Error</StatusMessage>
    <message>Undriven Pin</message>
    <detail>Unconnected input pin main_MSS_0:GPIO_14_F2M</detail>
    <crossprobe>liberoaction://cross_probe/smartdesign/project/pins/main_MSS_0:GPIO_14_F2M</crossprobe>
  </drc>
  <drc>
    <status>/home/daniel/.local/share/microsemi/Libero_SoC_v2021.3/Libero/data/drcreport/warn.png</status>
    <StatusMessage>Warning</StatusMessage>
    <message>Floating Driver</message>
    <detail>Floating output pin main_MSS_0:GPIO_14_M2F</detail>
    <crossprobe>liberoaction://cross_probe/smartdesign/project/pins/main_MSS_0:GPIO_14_M2F</crossprobe>
  </drc>
  <drc>
    <status>/home/daniel/.local/share/microsemi/Libero_SoC_v2021.3/Libero/data/drcreport/warn.png</status>
    <StatusMessage>Warning</StatusMessage>
    <message>Floating Driver</message>
    <detail>Floating output pin main_MSS_0:GPIO_14_M2F_OE</detail>
    <crossprobe>liberoaction://cross_probe/smartdesign/project/pins/main_MSS_0:GPIO_14_M2F_OE</crossprobe>
  </drc>
  <drc>
    <status>/home/daniel/.local/share/microsemi/Libero_SoC_v2021.3/Libero/data/drcreport/error.png</status>
    <StatusMessage>Error</StatusMessage>
    <message>Undriven Pin</message>
    <detail>Unconnected input pin main_MSS_0:GPIO_15_F2M</detail>
    <crossprobe>liberoaction://cross_probe/smartdesign/project/pins/main_MSS_0:GPIO_15_F2M</crossprobe>
  </drc>
  <drc>
    <status>/home/daniel/.local/share/microsemi/Libero_SoC_v2021.3/Libero/data/drcreport/warn.png</status>
    <StatusMessage>Warning</StatusMessage>
    <message>Floating Driver</message>
    <detail>Floating output pin main_MSS_0:GPIO_15_M2F</detail>
    <crossprobe>liberoaction://cross_probe/smartdesign/project/pins/main_MSS_0:GPIO_15_M2F</crossprobe>
  </drc>
  <drc>
    <status>/home/daniel/.local/share/microsemi/Libero_SoC_v2021.3/Libero/data/drcreport/warn.png</status>
    <StatusMessage>Warning</StatusMessage>
    <message>Floating Driver</message>
    <detail>Floating output pin main_MSS_0:GPIO_15_M2F_OE</detail>
    <crossprobe>liberoaction://cross_probe/smartdesign/project/pins/main_MSS_0:GPIO_15_M2F_OE</crossprobe>
  </drc>
  <drc>
    <status>/home/daniel/.local/share/microsemi/Libero_SoC_v2021.3/Libero/data/drcreport/error.png</status>
    <StatusMessage>Error</StatusMessage>
    <message>Undriven Pin</message>
    <detail>Unconnected input pin main_MSS_0:GPIO_16_F2M</detail>
    <crossprobe>liberoaction://cross_probe/smartdesign/project/pins/main_MSS_0:GPIO_16_F2M</crossprobe>
  </drc>
  <drc>
    <status>/home/daniel/.local/share/microsemi/Libero_SoC_v2021.3/Libero/data/drcreport/warn.png</status>
    <StatusMessage>Warning</StatusMessage>
    <message>Floating Driver</message>
    <detail>Floating output pin main_MSS_0:GPIO_16_M2F</detail>
    <crossprobe>liberoaction://cross_probe/smartdesign/project/pins/main_MSS_0:GPIO_16_M2F</crossprobe>
  </drc>
  <drc>
    <status>/home/daniel/.local/share/microsemi/Libero_SoC_v2021.3/Libero/data/drcreport/warn.png</status>
    <StatusMessage>Warning</StatusMessage>
    <message>Floating Driver</message>
    <detail>Floating output pin main_MSS_0:GPIO_16_M2F_OE</detail>
    <crossprobe>liberoaction://cross_probe/smartdesign/project/pins/main_MSS_0:GPIO_16_M2F_OE</crossprobe>
  </drc>
  <drc>
    <status>/home/daniel/.local/share/microsemi/Libero_SoC_v2021.3/Libero/data/drcreport/error.png</status>
    <StatusMessage>Error</StatusMessage>
    <message>Undriven Pin</message>
    <detail>Unconnected input pin main_MSS_0:GPIO_17_F2M</detail>
    <crossprobe>liberoaction://cross_probe/smartdesign/project/pins/main_MSS_0:GPIO_17_F2M</crossprobe>
  </drc>
  <drc>
    <status>/home/daniel/.local/share/microsemi/Libero_SoC_v2021.3/Libero/data/drcreport/warn.png</status>
    <StatusMessage>Warning</StatusMessage>
    <message>Floating Driver</message>
    <detail>Floating output pin main_MSS_0:GPIO_17_M2F</detail>
    <crossprobe>liberoaction://cross_probe/smartdesign/project/pins/main_MSS_0:GPIO_17_M2F</crossprobe>
  </drc>
  <drc>
    <status>/home/daniel/.local/share/microsemi/Libero_SoC_v2021.3/Libero/data/drcreport/warn.png</status>
    <StatusMessage>Warning</StatusMessage>
    <message>Floating Driver</message>
    <detail>Floating output pin main_MSS_0:GPIO_17_M2F_OE</detail>
    <crossprobe>liberoaction://cross_probe/smartdesign/project/pins/main_MSS_0:GPIO_17_M2F_OE</crossprobe>
  </drc>
  <drc>
    <status>/home/daniel/.local/share/microsemi/Libero_SoC_v2021.3/Libero/data/drcreport/error.png</status>
    <StatusMessage>Error</StatusMessage>
    <message>Undriven Pin</message>
    <detail>Unconnected input pin main_MSS_0:GPIO_18_F2M</detail>
    <crossprobe>liberoaction://cross_probe/smartdesign/project/pins/main_MSS_0:GPIO_18_F2M</crossprobe>
  </drc>
  <drc>
    <status>/home/daniel/.local/share/microsemi/Libero_SoC_v2021.3/Libero/data/drcreport/warn.png</status>
    <StatusMessage>Warning</StatusMessage>
    <message>Floating Driver</message>
    <detail>Floating output pin main_MSS_0:GPIO_18_M2F</detail>
    <crossprobe>liberoaction://cross_probe/smartdesign/project/pins/main_MSS_0:GPIO_18_M2F</crossprobe>
  </drc>
  <drc>
    <status>/home/daniel/.local/share/microsemi/Libero_SoC_v2021.3/Libero/data/drcreport/warn.png</status>
    <StatusMessage>Warning</StatusMessage>
    <message>Floating Driver</message>
    <detail>Floating output pin main_MSS_0:GPIO_18_M2F_OE</detail>
    <crossprobe>liberoaction://cross_probe/smartdesign/project/pins/main_MSS_0:GPIO_18_M2F_OE</crossprobe>
  </drc>
  <drc>
    <status>/home/daniel/.local/share/microsemi/Libero_SoC_v2021.3/Libero/data/drcreport/error.png</status>
    <StatusMessage>Error</StatusMessage>
    <message>Undriven Pin</message>
    <detail>Unconnected input pin main_MSS_0:GPIO_19_F2M</detail>
    <crossprobe>liberoaction://cross_probe/smartdesign/project/pins/main_MSS_0:GPIO_19_F2M</crossprobe>
  </drc>
  <drc>
    <status>/home/daniel/.local/share/microsemi/Libero_SoC_v2021.3/Libero/data/drcreport/warn.png</status>
    <StatusMessage>Warning</StatusMessage>
    <message>Floating Driver</message>
    <detail>Floating output pin main_MSS_0:GPIO_19_M2F</detail>
    <crossprobe>liberoaction://cross_probe/smartdesign/project/pins/main_MSS_0:GPIO_19_M2F</crossprobe>
  </drc>
  <drc>
    <status>/home/daniel/.local/share/microsemi/Libero_SoC_v2021.3/Libero/data/drcreport/warn.png</status>
    <StatusMessage>Warning</StatusMessage>
    <message>Floating Driver</message>
    <detail>Floating output pin main_MSS_0:GPIO_19_M2F_OE</detail>
    <crossprobe>liberoaction://cross_probe/smartdesign/project/pins/main_MSS_0:GPIO_19_M2F_OE</crossprobe>
  </drc>
  <drc>
    <status>/home/daniel/.local/share/microsemi/Libero_SoC_v2021.3/Libero/data/drcreport/error.png</status>
    <StatusMessage>Error</StatusMessage>
    <message>Undriven Pin</message>
    <detail>Unconnected input pin main_MSS_0:GPIO_20_F2M</detail>
    <crossprobe>liberoaction://cross_probe/smartdesign/project/pins/main_MSS_0:GPIO_20_F2M</crossprobe>
  </drc>
  <drc>
    <status>/home/daniel/.local/share/microsemi/Libero_SoC_v2021.3/Libero/data/drcreport/warn.png</status>
    <StatusMessage>Warning</StatusMessage>
    <message>Floating Driver</message>
    <detail>Floating output pin main_MSS_0:GPIO_20_M2F</detail>
    <crossprobe>liberoaction://cross_probe/smartdesign/project/pins/main_MSS_0:GPIO_20_M2F</crossprobe>
  </drc>
  <drc>
    <status>/home/daniel/.local/share/microsemi/Libero_SoC_v2021.3/Libero/data/drcreport/warn.png</status>
    <StatusMessage>Warning</StatusMessage>
    <message>Floating Driver</message>
    <detail>Floating output pin main_MSS_0:GPIO_20_M2F_OE</detail>
    <crossprobe>liberoaction://cross_probe/smartdesign/project/pins/main_MSS_0:GPIO_20_M2F_OE</crossprobe>
  </drc>
  <drc>
    <status>/home/daniel/.local/share/microsemi/Libero_SoC_v2021.3/Libero/data/drcreport/error.png</status>
    <StatusMessage>Error</StatusMessage>
    <message>Undriven Pin</message>
    <detail>Unconnected input pin main_MSS_0:GPIO_21_F2M</detail>
    <crossprobe>liberoaction://cross_probe/smartdesign/project/pins/main_MSS_0:GPIO_21_F2M</crossprobe>
  </drc>
  <drc>
    <status>/home/daniel/.local/share/microsemi/Libero_SoC_v2021.3/Libero/data/drcreport/warn.png</status>
    <StatusMessage>Warning</StatusMessage>
    <message>Floating Driver</message>
    <detail>Floating output pin main_MSS_0:GPIO_21_M2F</detail>
    <crossprobe>liberoaction://cross_probe/smartdesign/project/pins/main_MSS_0:GPIO_21_M2F</crossprobe>
  </drc>
  <drc>
    <status>/home/daniel/.local/share/microsemi/Libero_SoC_v2021.3/Libero/data/drcreport/warn.png</status>
    <StatusMessage>Warning</StatusMessage>
    <message>Floating Driver</message>
    <detail>Floating output pin main_MSS_0:GPIO_21_M2F_OE</detail>
    <crossprobe>liberoaction://cross_probe/smartdesign/project/pins/main_MSS_0:GPIO_21_M2F_OE</crossprobe>
  </drc>
  <drc>
    <status>/home/daniel/.local/share/microsemi/Libero_SoC_v2021.3/Libero/data/drcreport/error.png</status>
    <StatusMessage>Error</StatusMessage>
    <message>Undriven Pin</message>
    <detail>Unconnected input pin main_MSS_0:GPIO_24_F2M</detail>
    <crossprobe>liberoaction://cross_probe/smartdesign/project/pins/main_MSS_0:GPIO_24_F2M</crossprobe>
  </drc>
  <drc>
    <status>/home/daniel/.local/share/microsemi/Libero_SoC_v2021.3/Libero/data/drcreport/warn.png</status>
    <StatusMessage>Warning</StatusMessage>
    <message>Floating Driver</message>
    <detail>Floating output pin main_MSS_0:GPIO_24_M2F</detail>
    <crossprobe>liberoaction://cross_probe/smartdesign/project/pins/main_MSS_0:GPIO_24_M2F</crossprobe>
  </drc>
  <drc>
    <status>/home/daniel/.local/share/microsemi/Libero_SoC_v2021.3/Libero/data/drcreport/warn.png</status>
    <StatusMessage>Warning</StatusMessage>
    <message>Floating Driver</message>
    <detail>Floating output pin main_MSS_0:GPIO_24_M2F_OE</detail>
    <crossprobe>liberoaction://cross_probe/smartdesign/project/pins/main_MSS_0:GPIO_24_M2F_OE</crossprobe>
  </drc>
</drcreport>
