Detailed Resource Usage
Module Name,Fabric 4LUT,Fabric DFF,Single-Ended I/O,PLLs and CCCs,Chip Globals,MSS,CAN,10/100/1000 Ethernet,HS USB,Multi-Mode UART,RCOSC_50MHZ
Debouncing_0/Primitives,29,30,0,0,0,0,0,0,0,0,0
Debouncing_1/Primitives,29,30,0,0,0,0,0,0,0,0,0
Dummy_0/Primitives,1,2,0,0,0,0,0,0,0,0,0
FCCC_C0_0/FCCC_C0_0/Primitives,0,0,0,1,1,0,0,0,0,0,0
FSM_0/Primitives,8,4,0,0,1,0,0,0,0,0,0
OSC_C0_0/OSC_C0_0/Primitives,0,0,0,0,0,0,0,0,0,0,1
Primitives/Primitives,1,0,12,0,0,0,0,0,0,0,0
main_MSS_0/Primitives,0,0,0,0,0,1,0,0,0,0,0
