<?xml version="1.0" encoding="UTF-8" standalone="no" ?>
<?xml-stylesheet href="rptstyle.xsl" type="text/xsl" ?>
<doc>
<title>Global Net Report</title>
<text>Microsemi Corporation - Microsemi Libero Software Release v2021.3 (Version 2021.3.0.10)</text>
<text>Date: Fri Feb 10 02:20:51 2023
</text>
<section>
<name>Global Nets Information</name>
<table>
<header>
 <cell/>
 <cell> From </cell>
 <cell> GB Location </cell>
 <cell> Net Name </cell>
 <cell> Fanout </cell>
</header>
<row>
 <cell>1</cell>
 <cell>GB[3] </cell>
 <cell>(221, 54)</cell>
 <cell>FCCC_C0_0/FCCC_C0_0/GL0_INST/U0_YNn</cell>
 <cell>2207</cell>
</row>
<row>
 <cell>2</cell>
 <cell>GB[1] </cell>
 <cell>(219, 54)</cell>
 <cell>AND2_0_RNIKOS1/U0_YNn</cell>
 <cell>2148</cell>
</row>
<row>
 <cell>3</cell>
 <cell>GB[2] </cell>
 <cell>(220, 54)</cell>
 <cell>EC_SLAVE_0/CURRENT_STATE_RNIA7B5[0]/U0_YNn_GSouth</cell>
 <cell>5</cell>
</row>
</table>
<text></text>
</section>
<section>
<name>I/O to GB Connections</name>
<text>(none)</text>
</section>
<section>
<name>Fabric to GB Connections</name>
<table>
<header>
 <cell/>
 <cell> From </cell>
 <cell> From Location </cell>
 <cell> To </cell>
 <cell> Net Name </cell>
 <cell> Net Type </cell>
 <cell> Fanout </cell>
</header>
<row>
 <cell>1</cell>
 <cell>AND2_0:Y</cell>
 <cell>(404, 78)</cell>
 <cell>GB[1] </cell>
 <cell>AND2_0_Y</cell>
 <cell>ROUTED</cell>
 <cell>60</cell>
</row>
<row>
 <cell>2</cell>
 <cell>EC_SLAVE_0/CURRENT_STATE[0]:Q</cell>
 <cell>(190, 46)</cell>
 <cell>GB[2] </cell>
 <cell>EC_SLAVE_0/CURRENT_STATE_0[0]</cell>
 <cell>ROUTED</cell>
 <cell>6</cell>
</row>
</table>
<text></text>
</section>
<section>
<name>CCC to GB Connections</name>
<table>
<header>
 <cell/>
 <cell> From </cell>
 <cell> From Location </cell>
 <cell>Pin Swapped for Back Annotation Only</cell>
 <cell> To </cell>
 <cell> Net Name </cell>
 <cell> Net Type </cell>
 <cell> Fanout </cell>
</header>
<row>
 <cell>1</cell>
 <cell>FCCC_C0_0/FCCC_C0_0/CCC_INST/INST_CCC_IP:GL0</cell>
 <cell>CCC-NE1 (390, 92)</cell>
 <cell>GL0 =&gt; GL3</cell>
 <cell>GB[3] </cell>
 <cell>FCCC_C0_0/FCCC_C0_0/GL0_net</cell>
 <cell>HARDWIRED</cell>
 <cell>1</cell>
</row>
</table>
<text></text>
</section>
<section>
<name>CCC Input Connections</name>
<table>
<header>
 <cell/>
 <cell> From </cell>
 <cell> From Location </cell>
 <cell> To (Pin Swapped for Back Annotation Only) </cell>
 <cell> CCC Location </cell>
 <cell> Net Name </cell>
 <cell> Net Type </cell>
 <cell> Fanout </cell>
</header>
<row>
 <cell>1</cell>
 <cell>OSC_C0_0/OSC_C0_0/I_RCOSC_25_50MHZ:CLKOUT</cell>
 <cell>(396, 92)</cell>
 <cell>FCCC_C0_0/FCCC_C0_0/CCC_INST/INST_CCC_IP:RCOSC_25_50MHZ</cell>
 <cell>CCC-NE1 (390, 92)</cell>
 <cell>OSC_C0_0_RCOSC_25_50MHZ_CCC_OUT_RCOSC_25_50MHZ_CCC</cell>
 <cell>HARDWIRED</cell>
 <cell>1</cell>
</row>
</table>
<text></text>
</section>
<section>
<name>Local Nets to RGB Connections</name>
<text>(none)</text>
</section>
<section>
<name>Global Nets to RGB Connections</name>
<table>
<header>
 <cell/>
 <cell> From </cell>
 <cell> From Location </cell>
 <cell> Net Name </cell>
 <cell> Fanout </cell>
 <cell> </cell>
 <cell> RGB Location </cell>
 <cell> RGB Fanout </cell>
</header>
<row>
 <cell>1</cell>
 <cell>GB[3] </cell>
 <cell>(221, 54)</cell>
 <cell>FCCC_C0_0/FCCC_C0_0/GL0_INST/U0_YNn</cell>
 <cell>2207</cell>
 <cell>1</cell>
 <cell>(218, 102)</cell>
 <cell>1</cell>
</row>
<row>
 <cell> </cell>
 <cell></cell>
 <cell></cell>
 <cell></cell>
 <cell></cell>
 <cell>2</cell>
 <cell>(219, 57)</cell>
 <cell>165</cell>
</row>
<row>
 <cell> </cell>
 <cell></cell>
 <cell></cell>
 <cell></cell>
 <cell></cell>
 <cell>3</cell>
 <cell>(219, 60)</cell>
 <cell>158</cell>
</row>
<row>
 <cell> </cell>
 <cell></cell>
 <cell></cell>
 <cell></cell>
 <cell></cell>
 <cell>4</cell>
 <cell>(219, 63)</cell>
 <cell>147</cell>
</row>
<row>
 <cell> </cell>
 <cell></cell>
 <cell></cell>
 <cell></cell>
 <cell></cell>
 <cell>5</cell>
 <cell>(219, 66)</cell>
 <cell>72</cell>
</row>
<row>
 <cell> </cell>
 <cell></cell>
 <cell></cell>
 <cell></cell>
 <cell></cell>
 <cell>6</cell>
 <cell>(219, 69)</cell>
 <cell>46</cell>
</row>
<row>
 <cell> </cell>
 <cell></cell>
 <cell></cell>
 <cell></cell>
 <cell></cell>
 <cell>7</cell>
 <cell>(219, 72)</cell>
 <cell>4</cell>
</row>
<row>
 <cell> </cell>
 <cell></cell>
 <cell></cell>
 <cell></cell>
 <cell></cell>
 <cell>8</cell>
 <cell>(219, 87)</cell>
 <cell>30</cell>
</row>
<row>
 <cell>2</cell>
 <cell>GB[1] </cell>
 <cell>(219, 54)</cell>
 <cell>AND2_0_RNIKOS1/U0_YNn</cell>
 <cell>2148</cell>
 <cell>1</cell>
 <cell>(218, 57)</cell>
 <cell>165</cell>
</row>
<row>
 <cell> </cell>
 <cell></cell>
 <cell></cell>
 <cell></cell>
 <cell></cell>
 <cell>2</cell>
 <cell>(218, 60)</cell>
 <cell>158</cell>
</row>
<row>
 <cell> </cell>
 <cell></cell>
 <cell></cell>
 <cell></cell>
 <cell></cell>
 <cell>3</cell>
 <cell>(218, 63)</cell>
 <cell>147</cell>
</row>
<row>
 <cell> </cell>
 <cell></cell>
 <cell></cell>
 <cell></cell>
 <cell></cell>
 <cell>4</cell>
 <cell>(218, 66)</cell>
 <cell>72</cell>
</row>
<row>
 <cell> </cell>
 <cell></cell>
 <cell></cell>
 <cell></cell>
 <cell></cell>
 <cell>5</cell>
 <cell>(218, 69)</cell>
 <cell>17</cell>
</row>
<row>
 <cell> </cell>
 <cell></cell>
 <cell></cell>
 <cell></cell>
 <cell></cell>
 <cell>6</cell>
 <cell>(218, 72)</cell>
 <cell>4</cell>
</row>
<row>
 <cell> </cell>
 <cell></cell>
 <cell></cell>
 <cell></cell>
 <cell></cell>
 <cell>7</cell>
 <cell>(218, 87)</cell>
 <cell>1</cell>
</row>
<row>
 <cell>3</cell>
 <cell>GB[2] </cell>
 <cell>(220, 54)</cell>
 <cell>EC_SLAVE_0/CURRENT_STATE_RNIA7B5[0]/U0_YNn_GSouth</cell>
 <cell>5</cell>
 <cell> </cell>
 <cell>(218, 45)</cell>
 <cell>5</cell>
</row>
</table>
<text></text>
</section>
</doc>
