Detailed Resource Usage
Module Name,Fabric 4LUT,Fabric DFF,Single-Ended I/O,PLLs and CCCs,Chip Globals,MSS,CAN,10/100/1000 Ethernet,HS USB,Multi-Mode UART,RCOSC_50MHZ
CoreAPB3_C0_0/CoreAPB3_C0_0/Primitives,2,0,0,0,0,0,0,0,0,0,0
Debouncing_0/Primitives,29,30,0,0,0,0,0,0,0,0,0
Debouncing_1/Primitives,29,30,0,0,0,0,0,0,0,0,0
EC_SLAVE_0/Primitives,2011,2091,0,0,1,0,0,0,0,0,0
EC_SLAVE_0/g.1.i_HD/Primitives,50,5,0,0,0,0,0,0,0,0,0
EC_SLAVE_0/g.10.i_HD/Primitives,43,5,0,0,0,0,0,0,0,0,0
EC_SLAVE_0/g.11.i_HD/Primitives,48,5,0,0,0,0,0,0,0,0,0
EC_SLAVE_0/g.12.i_HD/Primitives,44,5,0,0,0,0,0,0,0,0,0
EC_SLAVE_0/g.2.i_HD/Primitives,43,5,0,0,0,0,0,0,0,0,0
EC_SLAVE_0/g.3.i_HD/Primitives,42,5,0,0,0,0,0,0,0,0,0
EC_SLAVE_0/g.4.i_HD/Primitives,41,5,0,0,0,0,0,0,0,0,0
EC_SLAVE_0/g.5.i_HD/Primitives,46,5,0,0,0,0,0,0,0,0,0
EC_SLAVE_0/g.6.i_HD/Primitives,45,5,0,0,0,0,0,0,0,0,0
EC_SLAVE_0/g.7.i_HD/Primitives,44,5,0,0,0,0,0,0,0,0,0
EC_SLAVE_0/g.8.i_HD/Primitives,41,5,0,0,0,0,0,0,0,0,0
EC_SLAVE_0/g.9.i_HD/Primitives,45,5,0,0,0,0,0,0,0,0,0
FCCC_C0_0/FCCC_C0_0/Primitives,0,0,0,1,1,0,0,0,0,0,0
OSC_C0_0/OSC_C0_0/Primitives,0,0,0,0,0,0,0,0,0,0,1
Primitives/Primitives,1,0,12,0,1,0,0,0,0,0,0
main_MSS_0/Primitives,33,0,0,0,0,1,0,0,0,0,0
