<?xml version="1.0" encoding="utf-8"?> 
<!-- 
  Synopsys, Inc.
  Version R-2021.03M-SP1
  Project file /home/daniel/Documents/libero_projects/ProjectV2/synthesis/syntmp/run_option.xml
  Written on Fri Feb 10 03:36:18 2023


--> 
<project_attribute_list name="Project Settings"> 
     <option name="project_name" display_name="Project Name">project_apb_syn</option>
     <option name="device_name" display_name="Device Name">synthesis: Microchip SmartFusion2 : M2S010</option>
     <option name="impl_name" display_name="Implementation Name">synthesis</option>
     <option name="top_module" display_name="Top Module">work.project_apb</option>
     <option name="retiming" display_name="Retiming">0</option>
     <option name="resource_sharing" display_name="Resource Sharing">1</option>
     <option name="maxfan" display_name="Fanout Guide">10000</option>
     <option name="disable_io_insertion" display_name="Disable I/O Insertion">0</option>
     <option name="no_sequential_opt" display_name="Disable Sequential Optimizations">0</option>
     <option name="symbolic_fsm_compiler" display_name="FSM Compiler">1</option>
</project_attribute_list>

